Ноутбук Foxcon Silver 15.6 ' Intel Celeron J4115 8 Gb DDR4 128 Gb SSD Intel HD Graphics,,https://svetofor.info/images/thumbnails/300/300/detailed/300/noutbuk-foxcon-silver-156-intel-celeron-j4115-8-gb-ddr4-128-gb-ssd-intel-hd-graphics-1.jpg
Ноутбук Foxcon Silver 15.6 ' Intel Celeron J4115 8 Gb DDR4 128 Gb SSD Intel HD Graphics,,https://svetofor.info/images/thumbnails/300/300/detailed/300/noutbuk-foxcon-silver-156-intel-celeron-j4115-8-gb-ddr4-128-gb-ssd-intel-hd-graphics-1.jpg
Ноутбук Foxcon Silver 15.6 ' Intel Celeron J4115 8 Gb DDR4 128 Gb SSD Intel HD Graphics,,https://svetofor.info/images/thumbnails/300/300/detailed/300/noutbuk-foxcon-silver-156-intel-celeron-j4115-8-gb-ddr4-128-gb-ssd-intel-hd-graphics-1.jpg
Наушники Toshiba RZEJHD333E gold,14007,https://svetofor.info/images/thumbnails/300/300/detailed/300/naushniki-toshiba-rzejhd333e-gold-2-1.jpg
Наушники Toshiba RZE-BT180H blue,2501,https://svetofor.info/images/thumbnails/300/300/detailed/300/naushniki-toshiba-rze-bt180h-blue-2-1.jpg
Web-Камера Logitech C100 640x480,,https://svetofor.info/images/thumbnails/300/300/detailed/300/web-kamera-logitek-c100-640x480-1.jpg
Беспроводная мышь LOGITECH MX Master 3,,https://svetofor.info/images/thumbnails/300/300/detailed/301/besprovodnaja-mysh-logitech-mx-master-3-2-1.jpg
Проводная мышь RAZER MAMBA CHROMA TOURNAMENT,,https://svetofor.info/images/thumbnails/300/300/detailed/301/provodnaja-mysh-razer-mamba-chroma-tournament-2-1.jpg
Проводная мышь RAZER DEATH ADDER Essential,,https://svetofor.info/images/thumbnails/300/300/detailed/301/provodnaja-mysh-razer-dea-th-adder-essential-1.jpg
Клавиатура LOGITECH MX Kyes Mini,,https://svetofor.info/images/thumbnails/300/300/detailed/301/klaviatura-logitech-mx-kyes-mini-2-1.jpg
Проводная мышь RAZER NAGA EPIC ELITE MMO GAMING MOUSE,,https://svetofor.info/images/thumbnails/300/300/detailed/301/provodnaja-mysh-razer-naga-epic-elite-mmo-gaming-mouse-2-1.jpg
Проводная держатель Adjix Mouse Bungee,,https://svetofor.info/images/thumbnails/300/300/detailed/301/provodnaja-derzhatel-adjix-mouse-bungee-2-1.jpg
Проводная мышь Onikuma CW905,,https://svetofor.info/images/thumbnails/300/300/detailed/301/provodnaja-mysh-onikuma-cw905-2-1.jpg
Клавиатура Defender Paladin,,https://svetofor.info/images/thumbnails/300/300/detailed/301/klaviatura-defender-paladin-2-1.jpg
Ноутбук Apple MacBook Air 13.3 ' M2 8 Gb 256 Gb SSD Apple graphics 8-core серый,112232,https://svetofor.info/images/thumbnails/300/300/detailed/297/noutbuk-apple-macbook-air-macbook-air-133-m2-8-gb-256-gb-ssd-apple-graphics-8-core-seryj-1.jpg
Ноутбук Lenovo Ideapad L3 15.6 ' Intel Core i3-10110U 8 Gb DDR4 120 Gb SSD черный,35044,https://svetofor.info/images/thumbnails/300/300/detailed/298/noutbuk-lenovo-ideapad-l3-156-intel-core-i3-10110u-8-gb-ddr4-120-gb-ssd-chernyj-1.jpg
Ноутбук Lenovo IP3 15IML05 15.6 ' Intel Pentium G6405U 4 Gb DDR4 500 Gb HDD серый,40030,https://svetofor.info/images/thumbnails/300/300/detailed/298/noutbuk-lenovo-ip3-15iml05-156-intel-pentium-g6405u-4-gb-ddr4-500-gb-hdd-seryj-1.jpg
Ноутбук Acer Extensa EX215-31-C24S N4020 15.6 ' Intel Celeron N4020 4 Gb DDR4 500 Gb HDD черный,28189,https://svetofor.info/images/thumbnails/300/300/detailed/298/noutbuk-acer-extensa-ex215-31-c24s-n4020-156-intel-celeron-n4020-4-gb-ddr4-500-gb-hdd-chernyj-1.jpg
Ноутбук Acer A315-34 N5030 15.6 ' Intel Pentium N5030 8 Gb DDR4 1000 Gb HDD черный,33165,https://svetofor.info/images/thumbnails/300/300/detailed/297/noutbuk-acer-a315-34-n5030-156-intel-pentium-n5030-8-gb-ddr4-1000-gb-hdd-chernyj-1.jpg
Ноутбук Acer EX215-52-38SC 15.6 ' Intel Core i3-1005G1 12 Gb DDR4 256 Gb SSD черный,39934,https://svetofor.info/images/thumbnails/300/300/detailed/298/noutbuk-acer-ex215-52-38sc-156-intel-core-i3-1005g1-12-gb-ddr4-256-gb-ssd-chernyj-1.jpg
Карта памяти Kingston microSDXC 64Gb HC10,870,https://svetofor.info/images/thumbnails/300/300/detailed/297/karta-pamjati-kingston-microsdxc-64gb-hc10-1.jpg
Наушники HyperX Cloud II Red Wireless HHSC2X-BA-RD/G,12500,https://svetofor.info/images/thumbnails/300/300/detailed/296/naushniki-hyperx-cloud-ii-red-wireless-hhsc2x-ba-rdg-1.jpg
Наушники SteelSeries Arctis 1,6000,https://svetofor.info/images/thumbnails/300/300/detailed/296/naushniki-steelseries-arctis-1-1.jpg
Сумка для ноутбука 16'' RIVACASE 8057 полиэстер черный,1940,https://svetofor.info/images/thumbnails/300/300/detailed/290/sumka-dlja-noutbuka-16-rivacase-8057-polijester-chernyj-1.jpg
Наушники Ritmix RH-115M Luminous,307,https://svetofor.info/images/thumbnails/300/300/detailed/290/naushniki-ritmix-rh-115m-luminous-1.jpg
Планшет Apple iPad air (2022) 256 Gb звездный свет,72212,https://svetofor.info/images/thumbnails/300/300/detailed/289/planshet-apple-ipad-air-2022-256-gb-zvezdnyj-svet-1.jpg
Планшет Apple Ipad 9 64 Gb серебристый,32626,https://svetofor.info/images/thumbnails/300/300/detailed/287/planshet-apple-ipad-9-64-gb-serebristyj-1.jpg
Ноутбук Acer Extensa EX215-52 15.6 ' Intel Core i3 1005G1 12 Gb DDR4 1000+500 Gb HDD SSD Intel UHD Graphics 620 черный,53767,https://svetofor.info/images/thumbnails/300/300/detailed/235/noutbuk-acer-extensa-ex215-52-156-intel-core-i3-1005g1-12-gb-ddr4-1000500-gb-hdd-ssd-intel-uhd-graphics-620-chernyj-1.jpg
Ноутбук ASUS X540UB 15.6 ' Intel Core i3 7020U 4 Gb DDR4 1000+128 Gb HDD SSD Intel UHD Graphics 620 серебристый,39735,https://svetofor.info/images/thumbnails/300/300/detailed/235/noutbuk-asus-x540ub-156-intel-core-i3-7020u-4-gb-ddr4-1000128-gb-hdd-ssd-intel-uhd-graphics-620-serebristyj-1.jpg
Ноутбук Lenovo IdeaPad S340-15IIL 15.6 ' Intel Core i3 1005G1 12 Gb DDR4 1000+512 Gb HDD SSD Intel UHD Graphics 620 Abyss Blue,59770,https://svetofor.info/images/thumbnails/300/300/detailed/235/noutbuk-lenovo-ideapad-s340-15iil-156-intel-core-i3-1005g1-12-gb-ddr4-1000512-gb-hdd-ssd-intel-uhd-graphics-620-abyss-blue-1.jpg
Ноутбук ASUS TUF Dash F15 FX516PM-HN013 15.6 ' Intel Core i5 11300H 16 Gb DDR4 512 Gb SSD GeForce RTX 3060,133722,https://svetofor.info/images/thumbnails/300/300/detailed/251/noutbuk-asus-tuf-dash-f15-fx516pm-hn013-156-intel-core-i5-11300h-16-gb-ddr4-512-gb-ssd-geforce-rtx-3060-1.jpg
Ноутбук HP Europe EliteBook 850 G7 15.6 ' Core i5 10210U 8 Gb 256 Gb Graphics UHD серебристый,90447,https://svetofor.info/images/thumbnails/300/300/detailed/236/noutbuk-hp-europe-elitebook-850-g7-156-core-i5-10210u-8-gb-256-gb-graphics-uhd-serebristyj-2-1.jpg
"Жесткий диск Dell Hot-plug Drive, 14G 2 Tb",17896,https://svetofor.info/images/thumbnails/300/300/detailed/235/zhestkij-disk-dell-hot-plug-drive-14g-2-tb-1.jpg
Ноутбук Lenovo V14 14 ' Intel Celeron N4020 4 Gb DDR4 240 Gb SSD Intel UHD Graphics 600 серый,28537,https://svetofor.info/images/thumbnails/300/300/detailed/286/noutbuk-lenovo-v14-14-intel-celeron-n4020-4-gb-ddr4-240-gb-ssd-intel-uhd-graphics-600-seryj-1.jpg
Наушники SmartBuy RUSH Cruiser SBHG-9300 black/blue,2400,https://svetofor.info/images/thumbnails/300/300/detailed/296/naushniki-smartbuy-rush-cruiser-sbhg-9300-blackblue-1.jpg
Проводная мышь Thermaltake M100 I CAFÉ черная,1957,https://svetofor.info/images/thumbnails/300/300/detailed/286/provodnaja-mysh-thermaltake-m100-i-cafÉ-chernaja-1.jpg
Клавиатура SmartBuy SBK-305U-K,1091,https://svetofor.info/images/thumbnails/300/300/detailed/286/klaviatura-smartbuy-sbk-305u-k-1.jpg
Видеокарта GALAX GeForce RTX 2080 SUPER EX 1-Click OC 8 ГБ,70750,https://svetofor.info/images/thumbnails/300/300/detailed/218/videokarta-galax-geforce-rtx-2080-super-ex-1-click-oc-8-gb-1.jpg
Ноутбук ASUS X515M 15.6 ' Intel Celeron N4020 8 Gb DDR4 128 Gb SSD Intel UHD Graphics 600 серебристый,35140,https://svetofor.info/images/thumbnails/300/300/detailed/280/noutbuk-asus-x515m-156-intel-celeron-n4020-8-gb-ddr4-128-gb-ssd-intel-uhd-graphics-600-serebristyj-1.jpg
Проводная мышь Sven RX-G970 черная,1658,https://svetofor.info/images/thumbnails/300/300/detailed/286/provodnaja-mysh-sven-rx-g970-chernaja-1.jpg
Беспроводная мышь Sven RX-510SW черная,911,https://svetofor.info/images/thumbnails/300/300/detailed/286/besprovodnaja-mysh-sven-rx-510sw-chernaja-1.jpg
Клавиатура Delux K6010U,783,https://svetofor.info/images/thumbnails/300/300/detailed/286/klaviatura-delux-k6010u-1.jpg
Ноутбук Acer Extensa 15 EX215-52-586W 15.6 ' Intel Core i5 1035G1 4 Gb DDR4 256 Gb SSD Intel UHD Graphics G1 черный,55768,https://svetofor.info/images/thumbnails/300/300/detailed/283/photo-23_7kyd-6x.jpg
"Видеокарта VGA MSI GEFORCE GTS450 1GB GDDR5/128Bit, 2XDVI-I, miniHDMI, [N450GTS-M2D1GD5/OC], [OEM PACKAGE]",7282,https://svetofor.info/images/thumbnails/300/300/detailed/217/videokarta-vga-msi-geforce-gts450-1gb-gddr5-128bit-2xdvi-i-minihdmi-[n450gts-m2d1gd5-oc]-[oem-package].jpg
Карта памяти Apacer 32Gb PEN DRIVE 32G USB 2.0 AH333 white,679,https://svetofor.info/images/thumbnails/300/300/detailed/215/karta-pamjati-apacer-32gb-pen-drive-32g-usb-20-ah333-white.jpg
Игровая клавиатура A4TECH BLOODY B3590R LIGHT STRIKE GAMING 8 IR LIBRA BROWN MICRO-SWITCH KEYBOARD USB US+RUSSIAN,2941,https://svetofor.info/images/thumbnails/300/300/detailed/216/igrovaja-klaviatura-a4tech-bloody_b3590r_light_strike_gaming_8_ir_libra_brown_micro-switch_keyboard_usb_usrussian.jpg
Клавиатура A4TECH G600 GAMING KEYBOARD PS/2 US+RUSSIAN,1366,https://svetofor.info/images/thumbnails/300/300/detailed/216/klaviatura-a4tech-g600_gaming_keyboard_ps2_usrussian.jpg
Игровая клавиатура SteelSeries Apex 3 Membran Gaming RGB Backlight RU,15208,https://svetofor.info/images/thumbnails/300/300/detailed/216/igrovaja-klaviatura-steelseries-apex_3_membran_gaming_rgb_backlight_ru.jpg
Клавиатура и мышь ASUS CB01 TUF GAMING COMBO/RU//KB & MS RGB US/RU + MOUSE 6200dpi,9910,https://svetofor.info/images/thumbnails/300/300/detailed/216/klaviatura-i-mysh-asus-cb01_tuf_gaming_comborukb_-_ms_rgb_gaming_keyboard_usru__mouse_6200dpi.jpg
Игровая клавиатура HP Mechanical GK100F,4307,https://svetofor.info/images/thumbnails/300/300/detailed/283/photo-44_k4jn-1g.jpg
Игровая клавиатура MotoSpeed CK62 Black with Blue switch,5612,https://svetofor.info/images/thumbnails/300/300/detailed/216/igrovaja-klaviatura-motospeed-ck62_black_with_blue_switch.jpg
Клавиатура и мышь A4TECH 3100N (GK-85+G3-230N),1723,https://svetofor.info/images/thumbnails/300/300/detailed/216/klaviatura-i-mysh-a4tech-3100n-gk-85g3-230n-1.jpg
Ноутбук Acer Aspire A315-55G 15.6 ' Intel Core i3 10110U 8 Gb DDR4 1000+256 Gb SSD NVIDIA GeForce MX230 Black,56551,https://svetofor.info/images/thumbnails/300/300/detailed/214/noutbuk-acer-aspire-a315-55g-156-intel-core-i3-10110u-8-gb-ddr4-1000256-gb-ssd-nvidia-geforce-mx230-black.jpg
Ноутбук HP Probook 450 G7 15.6 ' Intel Core i3 10110U 12 Gb DDR4 1000+128 Gb HDD SSD Intel UHD Graphics 620,68384,https://svetofor.info/images/thumbnails/300/300/detailed/258/noutbuk-hp-probook-450-g7-156-intel-core-i3-10110u-12-gb-ddr4-1000128-gb-hdd-ssd-intel-uhd-graphics-620-1.jpg
Ноутбук HP 15-dw2009ur 15.6 ' Intel Core i3 1005G1 12 Gb DDR4 256 Gb SSD Intel UHD Graphics 620,54811,https://svetofor.info/images/thumbnails/300/300/detailed/258/noutbuk-hp-15-dw2009ur-156-intel-core-i3-1005g1-12-gb-ddr4-256-gb-ssd-intel-uhd-graphics-620-1.jpg
Ноутбук ASUS ROG Zephyrus G15 GA502IU-HN072 15.6 ' AMD Ryzen 7 4800HS 32 Gb DDR4 512 Gb M.2 NVMe SSD GTX 1650Ti Brushed Black,155760,https://svetofor.info/images/thumbnails/300/300/detailed/214/noutbuk-asus-rog-zephyrus-g15-ga502iu-hn072-156-amd-ryzen-7-4800hs-32-gb-ddr4-512-gb-m2-nvme-ssd-gtx-1650ti-brushed-black-1.jpg
Ноутбук Lenovo Ideapad S145-15IWL 15.6 ' Intel Core i3 7020U 8 Gb DDR4 1000+128 Gb HDD SSD Nvidia Geforce MX110 серебристый,48286,https://svetofor.info/images/thumbnails/300/300/detailed/215/noutbuk-lenovo-ideapad-s145-15iwl-156-intel-core-i3-7020u-8-gb-ddr4-1000128-gb-hdd-ssd-nvidia-geforce-mx110-serebristyj-1.jpg
Ноутбук Lenovo Ideapad L340-15IWL 15.6 ' Intel Celeron 4205U 8 Gb DDR4 500 Gb HDD Intel UHD Graphics 610 черный,37411,https://svetofor.info/images/thumbnails/300/300/detailed/215/noutbuk-lenovo-ideapad-l340-15iwl-156-intel-celeron-4205u-8-gb-ddr4-500-gb-hdd-intel-uhd-graphics-610-chernyj-1.jpg
Ноутбук Lenovo Ideapad S145-15AST 15.6 ' AMD Dual Core A6-9225 4 Gb DDR4 1000+256 Gb HDD SSD R7 M445 черный,42370,https://svetofor.info/images/thumbnails/300/300/detailed/215/noutbuk-lenovo-ideapad-s145-15ast-156-amd-dual-core-a6-9225-4-gb-ddr4-1000256-gb-hdd-ssd-r7-m445-chernyj-1.jpg
Ноутбук Lenovo Ideapad S145-15IIL 15.6 ' Intel Core i3 1005G1 4 Gb DDR4 256 Gb SSD Intel UHD Graphics 620 черный,43249,https://svetofor.info/images/thumbnails/300/300/detailed/215/noutbuk-lenovo-ideapad-s145-15iil-156-intel-core-i3-1005g1-4-gb-ddr4-256-gb-ssd-intel-uhd-graphics-620-chernyj-1.jpg
Ноутбук Lenovo Ideapad L3-15IML05 15.6 ' Intel Core i5 10210U 4 Gb DDR4 500 Gb HDD Intel UHD Graphics 620 серебристый,52427,https://svetofor.info/images/thumbnails/300/300/detailed/215/noutbuk-lenovo-ideapad-l3-15iml05-156-intel-core-i5-10210u-4-gb-ddr4-500-gb-hdd-intel-uhd-graphics-620-serebristyj-1.jpg
Ноутбук Lenovo IdeaPad Gaming 3i 81Y4001JUS 15.6 ' Intel Core i5 10300H 8 Gb 512 Gb SSD NVIDIA GTX 1650Ti,93962,https://svetofor.info/images/thumbnails/300/300/detailed/213/noutbuk-lenovo-ideapad-gaming-3i-81y4001jus-156-intel-core-i5-10300h-8-gb-512-gb-ssd-nvidia-gtx-1650ti.jpg
Наушники Monster N-Tune High Performance On-Ear Headphones black,2071,https://svetofor.info/images/thumbnails/300/300/detailed/283/photo-53_ja7p-mn.jpg
Ультрабук DELL Inspiron 15 5000 series 5501-5463SLV-PUS 15.6 ' Intel Core i5 1035G1 8 Gb 512 Gb SSD Intel UHD Graphics G1,83522,https://svetofor.info/images/thumbnails/300/300/detailed/213/ultrabuk-dell-inspiron-15-5000-series-5501-5463slv-pus-156-intel-core-i5-1035g1-8-gb-512-gb-ssd-intel-uhd-graphics-g1.jpg
Внешний накопитель SSD Western Digital My Passport Go 1 ТБ,14399,https://svetofor.info/images/thumbnails/300/300/detailed/225/vneshnij-nakopitel-ssd-western-digital-my-passport-go-1-tb-1.jpg
Ультрабук Foxcon Silver Intel Dual Core N3450 14 ' Intel Dual Core N3450 8 Gb 256 Gb SSD Intel HD Graphics,24160,https://svetofor.info/images/thumbnails/300/300/detailed/211/noutbuk-foxcon-silver-intel-dual-core-n3450-14-intel-dual-core-n3450-8-gb-256-gb-ssd-intel-hd-graphics.jpg
Ультрабук HP Elite x2 G4 02-2020 8AD03UT#ABA 12.3 ' Intel Core i5-8365U 8 Gb DDR3 256+32 Gb SSD Flash Memory Intel UHD Graphics,89150,https://svetofor.info/images/thumbnails/300/300/detailed/203/ultrabuk-hp-elite-x2-g4-02-2020-8ad03utaba-123-intel-core-i5-8365u-8-gb-ddr3-25632-gb-ssd-flash-memory-intel-uhd-graphics.jpg
Ноутбук MSI GS63 Stealth 8RE-010US 9S7-16K512-046 15.6 ' Intel Core i7 16 Gb DDR4 1000+256 Gb HDD SSD Nvidia Geforce GTX 1060,112319,https://svetofor.info/images/thumbnails/300/300/detailed/203/noutbuk-msi-gs63-stealth-8re-010us-9s7-16k512-046-156-intel-core-i7-16-gb-ddr4-1000256-gb-hdd-ssd-nvidia-geforce-gtx-1060.jpg
Ноутбук ASUS X540UB 15.6 ' Intel Core i5 8250U 12 Gb DDR4 512 Gb SSD NVIDIA GeForce MX110 серебристый,73430,https://svetofor.info/images/thumbnails/300/300/detailed/216/noutbuk-asus-x540ub-156-intel-core-i5-8250u-12-gb-ddr4-512-gb-ssd-nvidia-geforce-mx110-serebristyj-1.jpg
Ультрабук Dell XPS 13 XPS9370-V54MC 13.3 ' Intel Core i7 8550U 8 Gb DDR3 256 Gb SSD Intel UHD Graphics 620 серебристый,107708,https://svetofor.info/images/thumbnails/300/300/detailed/244/ultrabuk-dell-xps-13-xps9370-v54mc-133-intel-core-i7-8550u-8-gb-ddr3-256-gb-ssd-intel-uhd-graphics-620-serebristyj-2.jpg
Внешний жесткий диск Adata HD330 1 Tb синий,4733,https://svetofor.info/images/thumbnails/300/300/detailed/301/vneshnij-zhestkij-disk-adata-hd330-1-tb-sinij-2-1.jpg
Наушники Sven AP-G988MV черно-красные,2533,https://svetofor.info/images/thumbnails/300/300/detailed/170/naushniki-sven-ap-g988mv-cherno-krasnye.jpg
Ноутбук Acer Extensa EX2540-36H1 15.6 ' Intel Core i3 6006U 4 Gb DDR4 120 Gb SSD Intel HD Graphics 520 черный,45154,https://svetofor.info/images/thumbnails/300/300/detailed/274/noutbuk-acer-extensa-ex2540-36h1-156-intel-core_i3-6006u-4-gb-ddr4-120-gb-ssd-intel-hd-graphics-520-2.jpg
Беспроводная мышь Sven RX-300 черная,722,https://svetofor.info/images/thumbnails/300/300/detailed/260/besprovodnaja-mysh-sven-rx-300-chernaya-3.jpg
Проводная мышь A4Tech N-302 V-Track черный,521,https://svetofor.info/images/thumbnails/300/300/detailed/149/provodnaja-mysh-a4tech-n-302-v-track-chernyj-1.jpg
"Сумка для ноутбука WXD NC1211081, 16""",1984,https://svetofor.info/images/thumbnails/300/300/detailed/108/sumka-dlja-noutbuka-wxd-nc1211081-16.jpg
Флеш карта Adata S102 Pro 32Gb USB 3.0 синяя,1218,https://svetofor.info/images/thumbnails/300/300/detailed/94/Z0000034257.jpg
Коврик для мышки Dtech WS-G4,174,https://svetofor.info/images/thumbnails/300/300/detailed/80/product-106576.jpg
Карта памяти Sandisk Ultra SDHC 64Gb Class 10,1500,https://svetofor.info/images/thumbnails/300/300/detailed/36/Ultra-SDHC-10-64gb.jpg
Наушники с микрофоном Somic SH-R3V,980,https://svetofor.info/images/thumbnails/300/300/detailed/71/product-82048.jpg
Ноутбук Foxcon Silver 15.6 ' Intel Celeron J4115 8 Gb DDR4 128 Gb SSD Intel HD Graphics,,https://svetofor.info/images/thumbnails/300/300/detailed/300/noutbuk-foxcon-silver-156-intel-celeron-j4115-8-gb-ddr4-128-gb-ssd-intel-hd-graphics-1.jpg
Наушники Toshiba RZEJHD333E gold,14007,https://svetofor.info/images/thumbnails/300/300/detailed/300/naushniki-toshiba-rzejhd333e-gold-2-1.jpg
Наушники Toshiba RZE-BT180H blue,2501,https://svetofor.info/images/thumbnails/300/300/detailed/300/naushniki-toshiba-rze-bt180h-blue-2-1.jpg
Web-Камера Logitech C100 640x480,,https://svetofor.info/images/thumbnails/300/300/detailed/300/web-kamera-logitek-c100-640x480-1.jpg
Беспроводная мышь LOGITECH MX Master 3,,https://svetofor.info/images/thumbnails/300/300/detailed/301/besprovodnaja-mysh-logitech-mx-master-3-2-1.jpg
Проводная мышь RAZER MAMBA CHROMA TOURNAMENT,,https://svetofor.info/images/thumbnails/300/300/detailed/301/provodnaja-mysh-razer-mamba-chroma-tournament-2-1.jpg
Проводная мышь RAZER DEATH ADDER Essential,,https://svetofor.info/images/thumbnails/300/300/detailed/301/provodnaja-mysh-razer-dea-th-adder-essential-1.jpg
Клавиатура LOGITECH MX Kyes Mini,,https://svetofor.info/images/thumbnails/300/300/detailed/301/klaviatura-logitech-mx-kyes-mini-2-1.jpg
Проводная мышь RAZER NAGA EPIC ELITE MMO GAMING MOUSE,,https://svetofor.info/images/thumbnails/300/300/detailed/301/provodnaja-mysh-razer-naga-epic-elite-mmo-gaming-mouse-2-1.jpg
Планшет Apple iPad Pro 12.9 256 Gb,114843,https://svetofor.info/images/thumbnails/300/300/detailed/301/planshet-jeppl-ipad-pro-129-256-gb-1.jpg
Планшет Apple iPad Pro 12.9 5G 256 Gb,123978,https://svetofor.info/images/thumbnails/300/300/detailed/301/planshet-jeppl-ipad-pro-129-5g-256-gb-1.jpg
Планшет Apple iPad Pro 11 М2 (2022) 256 Gb серебристый,101357,https://svetofor.info/images/thumbnails/300/300/detailed/301/planshet-jeppl-ipad-pro-11-m2-2022-256-gb-serebristyj-1.jpg
Планшет Apple iPad Pro 11 М2 (2022) 256 Gb космический серый,101357,https://svetofor.info/images/thumbnails/300/300/detailed/301/planshet-jeppl-ipad-pro-11-m2-2022-256-gb-kosmicheskij-seryj-1.jpg
Планшет Apple iPad Pro 11 М2 (2022) 128 Gb серый,90917,https://svetofor.info/images/thumbnails/300/300/detailed/301/planshet-jeppl-ipad-pro-11-m2-2022-128-gb-seryj-1.jpg
Планшет Apple iPad Pro 11 М2 (2022) 128 Gb серебристый,90917,https://svetofor.info/images/thumbnails/300/300/detailed/301/planshet-jeppl-ipad-pro-11-m2-2022-128-gb-serebristyj-1.jpg
Планшет Apple iPad 10 64 Gb,45241,https://svetofor.info/images/thumbnails/300/300/detailed/301/planshet-jeppl-ipad-10-64-gb-1.jpg
Планшет Apple iPad Pro 11 (2022) 256 Gb космический серый,87872,https://svetofor.info/images/thumbnails/300/300/detailed/301/planshet-jeppl-ipad-pro-11-2022-256-gb-kosmicheskij-seryj-1.jpg
Планшет Apple iPad Pro 11 (2022) 256 Gb серебристый,87872,https://svetofor.info/images/thumbnails/300/300/detailed/301/planshet-jeppl-ipad-pro-11-2022-256-gb-serebristyj-1.jpg
Планшет Apple iPad Pro 11 (2022) 128 Gb серебристый,76127,https://svetofor.info/images/thumbnails/300/300/detailed/301/planshet-jeppl-ipad-pro-11-2022-128-gb-serebristyj-1.jpg
Планшет Apple iPad Pro 11 (2022) 128 Gb космический серый,76127,https://svetofor.info/images/thumbnails/300/300/detailed/301/planshet-jeppl-ipad-pro-11-2022-128-gb-kosmicheskij-seryj-1.jpg
Ноутбук Foxcon Silver 15.6 ' Intel Celeron J3455 8 Gb DDR4 128 Gb SSD Intel HD Graphics,,https://svetofor.info/images/thumbnails/300/300/detailed/300/noutbuk-foxcon-silver-156-intel-celeron-j3455-8-gb-ddr4-128-gb-ssd-intel-hd-graphics-1.jpg
Ноутбук Foxcon Silver 15.6 ' Intel Celeron J3455 8 Gb DDR4 256 Gb SSD Intel HD Graphics,,https://svetofor.info/images/thumbnails/300/300/detailed/300/noutbuk-foxcon-silver-156-intel-celeron-j3455-8-gb-ddr4-256-gb-ssd-intel-hd-graphics-1.jpg
Ноутбук Foxcon Silver 15.6 ' Intel Celeron J3455 8 Gb DDR4 500 Gb Intel HD Graphics,,https://svetofor.info/images/thumbnails/300/300/detailed/300/noutbuk-foxcon-silver-156-intel-celeron-j3455-8-gb-ddr4-500-gb-intel-hd-graphics-1.jpg
Ноутбук Foxcon Silver 15.6 ' Intel Celeron J3455 8 Gb DDR4 1000 Gb Intel HD Graphics,,https://svetofor.info/images/thumbnails/300/300/detailed/300/noutbuk-foxcon-silver-156-intel-celeron-j3455-8-gb-ddr4-1000-gb-intel-hd-graphics-1.jpg
Ноутбук Foxcon Silver 15.6 ' Intel Celeron J4115 8 Gb DDR4 128 Gb SSD Intel HD Graphics,,https://svetofor.info/images/thumbnails/300/300/detailed/300/noutbuk-foxcon-silver-156-intel-celeron-j4115-8-gb-ddr4-128-gb-ssd-intel-hd-graphics-1.jpg
Ноутбук Foxcon Silver 15.6 ' Intel Celeron J4115 8 Gb DDR4 256 Gb SSD Intel HD Graphics,,https://svetofor.info/images/thumbnails/300/300/detailed/300/noutbuk-foxcon-silver-156-intel-celeron-j4115-8-gb-ddr4-256-gb-ssd-intel-hd-graphics-1.jpg
Ноутбук Foxcon Silver 15.6 ' Intel Celeron J4115 8 Gb DDR4 500 Gb Intel HD Graphics,,https://svetofor.info/images/thumbnails/300/300/detailed/300/noutbuk-foxcon-silver-156-intel-celeron-j4115-8-gb-ddr4-500-gb-intel-hd-graphics-1.jpg
Ноутбук Foxcon Silver 15.6 ' Intel Celeron J4115 8 Gb DDR4 1000 Gb Intel HD Graphics,,https://svetofor.info/images/thumbnails/300/300/detailed/300/noutbuk-foxcon-silver-156-intel-celeron-j4115-8-gb-ddr4-1000-gb-intel-hd-graphics-1.jpg
Твердотельный накопитель LuminouTek SSD 240 GB,2936,https://svetofor.info/images/thumbnails/300/300/detailed/300/tverdotelnyj-nakopitel-luminoutek-ssd-240-gb-2-1.jpg
Оперативная память TECLAST RAM 4GB AURORA TLD44G26A30,2719,https://svetofor.info/images/thumbnails/300/300/detailed/300/operativnaja-pamjat-teclast-ram-4gb-aurora-tld44g26a30-2-1.jpg
Проводная мышь Philips M104 (SPK7104) черный,827,https://svetofor.info/images/thumbnails/300/300/detailed/300/provodnaja-mysh-filips-m104-spk7104-chernyj-1.jpg
Проводная мышь AOC MS121 черный,827,https://svetofor.info/images/thumbnails/300/300/detailed/300/provodnaja-mysh-aos-ms121-chernyj-1.jpg
Беспроводная мышь AOC MS320 черный,909,https://svetofor.info/images/thumbnails/300/300/detailed/300/besprovodnaja-mysh-aos-ms320-chernyj-1.jpg
Материнская плата Cymoon H55-L LGA1156,5603,https://svetofor.info/images/thumbnails/300/300/detailed/300/materinskaja-plata-cymoon-h55-l-lzha1156-1.jpg
Твердотельный накопитель LuminouTek SSD 128 GB,2232,https://svetofor.info/images/thumbnails/300/300/detailed/300/tverdotelnyj-nakopitel-luminoutek-ssd-128-gb-2-1.jpg
"Ноутбук DELL G15 5510 15,6 ' Intel Core i5 10500H 16 Gb DDR4 512 Gb SSD NVIDIA GeForce RTX 3050 серый",,https://svetofor.info/images/thumbnails/300/300/detailed/299/noutbuk-djell-g15-5510-156-intel-core-i5-10500h-16-gb-ddr4-512-gb-ssd-nvidia-geforce-rtx-3050-seryj-1.jpg
"Ноутбук HP Europe 250 G8 15,6 ' Core i7 1065G7 8 Gb DDR4 256 Gb SSD Intel UHD Graphics черный",,https://svetofor.info/images/thumbnails/300/300/detailed/299/noutbuk-hp-europe-250-g8-156-core-i7-1065g7-8-gb-ddr4-256-gb-ssd-intel-uhd-graphics-chernyj-2-1.jpg
"Ноутбук DELL G15 5510 15,6 ' Intel Core i5 10500H 8 Gb DDR4 512 Gb SSD NVIDIA GeForce GTX 1650 серый",,https://svetofor.info/images/thumbnails/300/300/detailed/299/noutbuk-djell-g15-5510-156-intel-core-i5-10500h-8-gb-ddr4-512-gb-ssd-nvidia-geforce-dzhejtix-1650-seryj-1.jpg
Планшет Xiaomi Redmi Pad 128 Gb серебристый,19749,https://svetofor.info/images/thumbnails/300/300/detailed/301/planshet-sjaomi-mi-pad-5-128-gb-serebristyj-1.jpg
"Наушники Toshiba RZE- D100E Wired (Green, Black, Blue)",550,https://svetofor.info/images/thumbnails/300/300/detailed/300/naushniki-toshiba-rze--d100e-wired-grin-black-blu-1.jpg
Наушники Toshiba RZEJHD333E gold,14007,https://svetofor.info/images/thumbnails/300/300/detailed/300/naushniki-toshiba-rzejhd333e-gold-2-1.jpg
Наушники Toshiba RZE-BT200H blue,2697,https://svetofor.info/images/thumbnails/300/300/detailed/300/naushniki-toshiba-rze-bt200h-blue-2-1.jpg
Жесткий диск Toshiba DT01ACA200 2 Tb,5307,https://svetofor.info/images/thumbnails/300/300/detailed/300/zhestkij-disk-toshiba-dt01aca200-2-tb-2-1.jpg
Жесткий диск Toshiba DT02ABA600 6 Tb,16704,https://svetofor.info/images/thumbnails/300/300/detailed/300/zhestkij-disk-toshiba-dt02aba600-6-tb-2-1.jpg
Жесткий диск Toshiba MQ01ABF050 500 gb,2784,https://svetofor.info/images/thumbnails/300/300/detailed/300/zhestkij-disk-toshiba-jemkju01abf050-500-gb-1.jpg
Внешний жесткий диск HDD Toshiba Canvio Basics HDTB405EK3AA 500 gb,3654,https://svetofor.info/images/thumbnails/300/300/detailed/300/vneshnij-zhestkij-disk-hdd-toshiba-canvio-basics-hdtb405ek3aa-500-gb-2-1.jpg
Жесткий диск Lexar LNS100-512RB NS100 512 GB,5603,https://svetofor.info/images/thumbnails/300/300/detailed/300/zhestkij-disk-leksar-lns100-512rb-ns100-512-gb-1.jpg
Оперативная память Zeppelin RAM 16G PC 2400 DDR4,6160,https://svetofor.info/images/thumbnails/300/300/detailed/300/operativnaja-pamjat-zeppelin-ram-16g-pc-2400-ddr4-2-1.jpg
Оперативная память Zeppelin RAM 8G PC 2133 DDR4,3236,https://svetofor.info/images/thumbnails/300/300/detailed/300/operativnaja-pamjat-zeppelin-ram-8g-pc-2133-ddr4-2-1.jpg
Оперативная память Zeppelin RAM 8G PC 2666 DDR4,3445,https://svetofor.info/images/thumbnails/300/300/detailed/300/operativnaja-pamjat-zeppelin-ram-8g-pc-2666-ddr4-2-1.jpg
Оперативная память Zeppelin RAM Supra Gamer 16G PC 3200 DDR4,7099,https://svetofor.info/images/thumbnails/300/300/detailed/300/operativnaja-pamjat-zeppelin-ram-supra-gamer-16g-pc-3200-ddr4-2-1.jpg
Карта памяти Toshiba microSDHC 16Gb THN-M102K0160M2 + адаптер,806,https://svetofor.info/images/thumbnails/300/300/detailed/300/karta-pamjati-toshiba-microsdhc-16gb-thn-m102k0160m2-adapter-2-1.jpg
Карта памяти Toshiba microSDHC 8Gb THN-M102K0080M2 + адаптер,720,https://svetofor.info/images/thumbnails/300/300/detailed/300/karta-pamjati-toshiba-microsdhc-8gb-thn-m102k0080m2-adapter-2-1.jpg
Наушники Toshiba RZE-D200H Wired white,1135,https://svetofor.info/images/thumbnails/300/300/detailed/300/naushniki-toshiba-rze-d200h-wired-white-2-1.jpg
Наушники Toshiba RZE-D250H Wired green,1135,https://svetofor.info/images/thumbnails/300/300/detailed/300/naushniki-toshiba-rze-d250h-wired-green-2-1.jpg
Наушники Toshiba RZE-BT180H black,2501,https://svetofor.info/images/thumbnails/300/300/detailed/300/naushniki-toshiba-rze-bt180h-black-2-1.jpg
Наушники Toshiba RZE-BT180H blue,2501,https://svetofor.info/images/thumbnails/300/300/detailed/300/naushniki-toshiba-rze-bt180h-blue-2-1.jpg
Наушники Toshiba RZE-BT180H orange,2501,https://svetofor.info/images/thumbnails/300/300/detailed/300/naushniki-toshiba-rze-bt180h-orange-2-1.jpg
Наушники Toshiba RZE-D32E (K) black,653,https://svetofor.info/images/thumbnails/300/300/detailed/300/naushniki-toshiba-rze-g902h-k-black-2-1.jpg
Карта памяти Toshiba USB flash накопитель 128Gb Towadako THN-U364W1280E4,2375,https://svetofor.info/images/thumbnails/300/300/detailed/300/karta-pamjati-toshiba-usb-flash-nakopitel-128gb-towadako-thn-u364v1280e4-1.jpg
Карта памяти Toshiba USB flash накопитель 128Gb Yamabiko THN-U203W1280E4,2058,https://svetofor.info/images/thumbnails/300/300/detailed/300/karta-pamjati-toshiba-usb-flash-nakopitel-128gb-yamabiko-thn-u203v1280e4-1.jpg
Карта памяти Toshiba USB flash накопитель 256Gb Yamabiko THN-U365K2560E4,4122,https://svetofor.info/images/thumbnails/300/300/detailed/300/karta-pamjati-toshiba-usb-flash-nakopitel-256gb-yamabiko-thn-u365k2560e4-2-1.jpg
Наушники Toshiba RZE-BT200H white,2697,https://svetofor.info/images/thumbnails/300/300/detailed/300/naushniki-toshiba-rze-bt200h-white-2-1.jpg
Наушники SENNHEISER SENNHEISER HEADSET PC330,,https://svetofor.info/images/thumbnails/300/300/detailed/300/naushniki-sennheiser-sennheiser-hea-dset-pc330-1.jpg
Наушники SENNHEISER SENNHEISER Momentum IN-EAR M2 IEG,,https://svetofor.info/images/thumbnails/300/300/detailed/300/naushniki-sennheiser-sennheiser-momentum-in-ea-r-m2-ieg-1.jpg
Наушники SENNHEISER Sennheiser PMX 90,,https://svetofor.info/images/thumbnails/300/300/detailed/300/naushniki-sennheiser-sennhajzer-pmx-90-1.jpg
Видеокарта RTX 3060 (GV-N3060EAGLE)12 ГБ,,https://svetofor.info/images/thumbnails/300/300/detailed/300/videokarta-gigabyte-gv-n3060ea-gle-12-gb-1.jpg
Видеокарта Palit GTX1650 STORMX 4 ГБ,,https://svetofor.info/images/thumbnails/300/300/detailed/300/videokarta-palit-dzhejtix1650-stormx-4-gb-1.jpg
Видеокарта Palit RTX 3060Ti,,https://svetofor.info/images/thumbnails/300/300/detailed/300/videokarta-palit-rtx-3060ti-2-1.jpg
Видеокарта Palit RTX 3070,,https://svetofor.info/images/thumbnails/300/300/detailed/300/videokarta-palit-rtx-3070-2-1.jpg
Видеокарта Palit RTX3060 12 ГБ,,https://svetofor.info/images/thumbnails/300/300/detailed/300/videokarta-palit-rtx3060-12-gb-2-1.jpg
Видеокарта PNY GeForceRTX 3060 12 ГБ,,https://svetofor.info/images/thumbnails/300/300/detailed/300/videokarta-pny-geforcertx-3060-12-gb-2-1.jpg
Web-Камера Logitech C100 640x480,,https://svetofor.info/images/thumbnails/300/300/detailed/300/web-kamera-logitek-c100-640x480-1.jpg
Web-Камера Logitech C270 1280x720,,https://svetofor.info/images/thumbnails/300/300/detailed/300/web-kamera-logitek-c270-1280x720-1.jpg
Web-Камера Logitech C505e 1280x720,,https://svetofor.info/images/thumbnails/300/300/detailed/300/web-kamera-logitek-c505e-1280x720-1.jpg
Web-Камера Logitech C920e 1920x1080,,https://svetofor.info/images/thumbnails/300/300/detailed/300/web-kamera-logitek-c920e-1920x1080-1.jpg
Web-Камера RAZER KIYO PRO 1920x1080,,https://svetofor.info/images/thumbnails/300/300/detailed/300/web-kamera-razer-kiyo-pro-1920x1080-2-1.jpg
Web-Камера RAZER KIYO X 1920x1080,,https://svetofor.info/images/thumbnails/300/300/detailed/300/web-kamera-razer-kiyo-x-1920x1080-2-1.jpg
Web-Камера A4Tech PK-950h 1920х1080,,https://svetofor.info/images/thumbnails/300/300/detailed/300/web-kamera-a4tek-pk-950h-1920h1080-1.jpg
Наушники SENNHEISER SENNHEISER CX2.00i black,,https://svetofor.info/images/thumbnails/300/300/detailed/300/naushniki-sennheiser-sennheiser-cx200i-black-2-1.jpg
Наушники SENNHEISER SENNHEISER CX685,,https://svetofor.info/images/thumbnails/300/300/detailed/300/naushniki-sennheiser-sennheiser-cx685-2-1.jpg
Наушники SENNHEISER SENNHEISER HD201,,https://svetofor.info/images/thumbnails/300/300/detailed/300/naushniki-sennheiser-sennheiser-hd201-2-1.jpg
Наушники SENNHEISER SENNHEISER HD206,,https://svetofor.info/images/thumbnails/300/300/detailed/300/naushniki-sennheiser-sennheiser-hd206-2-1.jpg
Наушники SENNHEISER SENNHEISER HD229 white,,https://svetofor.info/images/thumbnails/300/300/detailed/300/naushniki-sennheiser-sennheiser-hd229-white-2-1.jpg
Наушники SENNHEISER SENNHEISER HD400S,5820,https://svetofor.info/images/thumbnails/300/300/detailed/300/naushniki-sennheiser-sennheiser-hd400s-2-1.jpg
Клавиатура Apple Magic Keyboard 11,27145,https://svetofor.info/images/thumbnails/300/300/detailed/298/klaviatura-apple-magic-keyboard-11-1.jpg
"Ноутбук Apple MacBook Air MacBook Air 13,3 ' M2 8 Gb 256 Gb SSD Apple graphics 8-core черный",113973,https://svetofor.info/images/thumbnails/300/300/detailed/298/noutbuk-apple-macbook-air-macbook-air-133-m2-8-gb-256-gb-ssd-apple-graphics-8-core-chernyj-1.jpg
Проводная мышь Glorious Glossy белый,,https://svetofor.info/images/thumbnails/300/300/detailed/301/provodnaja-mysh-glorius-glossy-belyj-1.jpg
Беспроводная мышь LOGITECH MX Master 3,,https://svetofor.info/images/thumbnails/300/300/detailed/301/besprovodnaja-mysh-logitech-mx-master-3-2-1.jpg
Планшет Apple iPad Pro 12.9 256 Gb,114843,https://svetofor.info/images/thumbnails/300/300/detailed/301/planshet-jeppl-ipad-pro-129-256-gb-1.jpg
Планшет Apple iPad Pro 12.9 5G 256 Gb,123978,https://svetofor.info/images/thumbnails/300/300/detailed/301/planshet-jeppl-ipad-pro-129-5g-256-gb-1.jpg
Планшет Apple iPad Pro 11 М2 (2022) 256 Gb серебристый,101357,https://svetofor.info/images/thumbnails/300/300/detailed/301/planshet-jeppl-ipad-pro-11-m2-2022-256-gb-serebristyj-1.jpg
Планшет Apple iPad Pro 11 М2 (2022) 256 Gb космический серый,101357,https://svetofor.info/images/thumbnails/300/300/detailed/301/planshet-jeppl-ipad-pro-11-m2-2022-256-gb-kosmicheskij-seryj-1.jpg
Планшет Apple iPad Pro 11 М2 (2022) 128 Gb серый,90917,https://svetofor.info/images/thumbnails/300/300/detailed/301/planshet-jeppl-ipad-pro-11-m2-2022-128-gb-seryj-1.jpg
Планшет Apple iPad Pro 11 М2 (2022) 128 Gb серебристый,90917,https://svetofor.info/images/thumbnails/300/300/detailed/301/planshet-jeppl-ipad-pro-11-m2-2022-128-gb-serebristyj-1.jpg
Планшет Apple iPad 10 64 Gb,45241,https://svetofor.info/images/thumbnails/300/300/detailed/301/planshet-jeppl-ipad-10-64-gb-1.jpg
Планшет Apple iPad Pro 11 (2022) 256 Gb космический серый,87872,https://svetofor.info/images/thumbnails/300/300/detailed/301/planshet-jeppl-ipad-pro-11-2022-256-gb-kosmicheskij-seryj-1.jpg
Планшет Apple iPad Pro 11 (2022) 256 Gb серебристый,87872,https://svetofor.info/images/thumbnails/300/300/detailed/301/planshet-jeppl-ipad-pro-11-2022-256-gb-serebristyj-1.jpg
Планшет Apple iPad Pro 11 (2022) 128 Gb серебристый,76127,https://svetofor.info/images/thumbnails/300/300/detailed/301/planshet-jeppl-ipad-pro-11-2022-128-gb-serebristyj-1.jpg
Планшет Apple iPad Pro 11 (2022) 128 Gb космический серый,76127,https://svetofor.info/images/thumbnails/300/300/detailed/301/planshet-jeppl-ipad-pro-11-2022-128-gb-kosmicheskij-seryj-1.jpg
Ноутбук Foxcon Silver 15.6 ' Intel Celeron J3455 8 Gb DDR4 128 Gb SSD Intel HD Graphics,,https://svetofor.info/images/thumbnails/300/300/detailed/300/noutbuk-foxcon-silver-156-intel-celeron-j3455-8-gb-ddr4-128-gb-ssd-intel-hd-graphics-1.jpg
Ноутбук Foxcon Silver 15.6 ' Intel Celeron J3455 8 Gb DDR4 256 Gb SSD Intel HD Graphics,,https://svetofor.info/images/thumbnails/300/300/detailed/300/noutbuk-foxcon-silver-156-intel-celeron-j3455-8-gb-ddr4-256-gb-ssd-intel-hd-graphics-1.jpg
Ноутбук Foxcon Silver 15.6 ' Intel Celeron J3455 8 Gb DDR4 500 Gb Intel HD Graphics,,https://svetofor.info/images/thumbnails/300/300/detailed/300/noutbuk-foxcon-silver-156-intel-celeron-j3455-8-gb-ddr4-500-gb-intel-hd-graphics-1.jpg
Ноутбук Foxcon Silver 15.6 ' Intel Celeron J3455 8 Gb DDR4 1000 Gb Intel HD Graphics,,https://svetofor.info/images/thumbnails/300/300/detailed/300/noutbuk-foxcon-silver-156-intel-celeron-j3455-8-gb-ddr4-1000-gb-intel-hd-graphics-1.jpg
Ноутбук Foxcon Silver 15.6 ' Intel Celeron J4115 8 Gb DDR4 128 Gb SSD Intel HD Graphics,,https://svetofor.info/images/thumbnails/300/300/detailed/300/noutbuk-foxcon-silver-156-intel-celeron-j4115-8-gb-ddr4-128-gb-ssd-intel-hd-graphics-1.jpg
Ноутбук Foxcon Silver 15.6 ' Intel Celeron J4115 8 Gb DDR4 256 Gb SSD Intel HD Graphics,,https://svetofor.info/images/thumbnails/300/300/detailed/300/noutbuk-foxcon-silver-156-intel-celeron-j4115-8-gb-ddr4-256-gb-ssd-intel-hd-graphics-1.jpg
Ноутбук Foxcon Silver 15.6 ' Intel Celeron J4115 8 Gb DDR4 500 Gb Intel HD Graphics,,https://svetofor.info/images/thumbnails/300/300/detailed/300/noutbuk-foxcon-silver-156-intel-celeron-j4115-8-gb-ddr4-500-gb-intel-hd-graphics-1.jpg
Ноутбук Foxcon Silver 15.6 ' Intel Celeron J4115 8 Gb DDR4 1000 Gb Intel HD Graphics,,https://svetofor.info/images/thumbnails/300/300/detailed/300/noutbuk-foxcon-silver-156-intel-celeron-j4115-8-gb-ddr4-1000-gb-intel-hd-graphics-1.jpg
Твердотельный накопитель LuminouTek SSD 240 GB,2936,https://svetofor.info/images/thumbnails/300/300/detailed/300/tverdotelnyj-nakopitel-luminoutek-ssd-240-gb-2-1.jpg
Оперативная память TECLAST RAM 4GB AURORA TLD44G26A30,2719,https://svetofor.info/images/thumbnails/300/300/detailed/300/operativnaja-pamjat-teclast-ram-4gb-aurora-tld44g26a30-2-1.jpg
Проводная мышь Philips M104 (SPK7104) черный,827,https://svetofor.info/images/thumbnails/300/300/detailed/300/provodnaja-mysh-filips-m104-spk7104-chernyj-1.jpg
Проводная мышь AOC MS121 черный,827,https://svetofor.info/images/thumbnails/300/300/detailed/300/provodnaja-mysh-aos-ms121-chernyj-1.jpg
Беспроводная мышь AOC MS320 черный,909,https://svetofor.info/images/thumbnails/300/300/detailed/300/besprovodnaja-mysh-aos-ms320-chernyj-1.jpg
Материнская плата Cymoon H55-L LGA1156,5603,https://svetofor.info/images/thumbnails/300/300/detailed/300/materinskaja-plata-cymoon-h55-l-lzha1156-1.jpg
Твердотельный накопитель LuminouTek SSD 128 GB,2232,https://svetofor.info/images/thumbnails/300/300/detailed/300/tverdotelnyj-nakopitel-luminoutek-ssd-128-gb-2-1.jpg
"Ноутбук DELL G15 5510 15,6 ' Intel Core i5 10500H 16 Gb DDR4 512 Gb SSD NVIDIA GeForce RTX 3050 серый",,https://svetofor.info/images/thumbnails/300/300/detailed/299/noutbuk-djell-g15-5510-156-intel-core-i5-10500h-16-gb-ddr4-512-gb-ssd-nvidia-geforce-rtx-3050-seryj-1.jpg
"Ноутбук HP Europe 250 G8 15,6 ' Core i7 1065G7 8 Gb DDR4 256 Gb SSD Intel UHD Graphics черный",,https://svetofor.info/images/thumbnails/300/300/detailed/299/noutbuk-hp-europe-250-g8-156-core-i7-1065g7-8-gb-ddr4-256-gb-ssd-intel-uhd-graphics-chernyj-2-1.jpg
"Ноутбук DELL G15 5510 15,6 ' Intel Core i5 10500H 8 Gb DDR4 512 Gb SSD NVIDIA GeForce GTX 1650 серый",,https://svetofor.info/images/thumbnails/300/300/detailed/299/noutbuk-djell-g15-5510-156-intel-core-i5-10500h-8-gb-ddr4-512-gb-ssd-nvidia-geforce-dzhejtix-1650-seryj-1.jpg
Планшет Xiaomi Redmi Pad 128 Gb серебристый,19749,https://svetofor.info/images/thumbnails/300/300/detailed/301/planshet-sjaomi-mi-pad-5-128-gb-serebristyj-1.jpg
"Наушники Toshiba RZE- D100E Wired (Green, Black, Blue)",550,https://svetofor.info/images/thumbnails/300/300/detailed/300/naushniki-toshiba-rze--d100e-wired-grin-black-blu-1.jpg
Наушники Toshiba RZEJHD333E gold,14007,https://svetofor.info/images/thumbnails/300/300/detailed/300/naushniki-toshiba-rzejhd333e-gold-2-1.jpg
Наушники Toshiba RZE-BT200H blue,2697,https://svetofor.info/images/thumbnails/300/300/detailed/300/naushniki-toshiba-rze-bt200h-blue-2-1.jpg
Жесткий диск Toshiba DT01ACA200 2 Tb,5307,https://svetofor.info/images/thumbnails/300/300/detailed/300/zhestkij-disk-toshiba-dt01aca200-2-tb-2-1.jpg
Жесткий диск Toshiba DT02ABA600 6 Tb,16704,https://svetofor.info/images/thumbnails/300/300/detailed/300/zhestkij-disk-toshiba-dt02aba600-6-tb-2-1.jpg
Жесткий диск Toshiba MQ01ABF050 500 gb,2784,https://svetofor.info/images/thumbnails/300/300/detailed/300/zhestkij-disk-toshiba-jemkju01abf050-500-gb-1.jpg
Внешний жесткий диск HDD Toshiba Canvio Basics HDTB405EK3AA 500 gb,3654,https://svetofor.info/images/thumbnails/300/300/detailed/300/vneshnij-zhestkij-disk-hdd-toshiba-canvio-basics-hdtb405ek3aa-500-gb-2-1.jpg
Жесткий диск Lexar LNS100-512RB NS100 512 GB,5603,https://svetofor.info/images/thumbnails/300/300/detailed/300/zhestkij-disk-leksar-lns100-512rb-ns100-512-gb-1.jpg
Оперативная память Zeppelin RAM 16G PC 2400 DDR4,6160,https://svetofor.info/images/thumbnails/300/300/detailed/300/operativnaja-pamjat-zeppelin-ram-16g-pc-2400-ddr4-2-1.jpg
Оперативная память Zeppelin RAM 8G PC 2133 DDR4,3236,https://svetofor.info/images/thumbnails/300/300/detailed/300/operativnaja-pamjat-zeppelin-ram-8g-pc-2133-ddr4-2-1.jpg
Оперативная память Zeppelin RAM 8G PC 2666 DDR4,3445,https://svetofor.info/images/thumbnails/300/300/detailed/300/operativnaja-pamjat-zeppelin-ram-8g-pc-2666-ddr4-2-1.jpg
Оперативная память Zeppelin RAM Supra Gamer 16G PC 3200 DDR4,7099,https://svetofor.info/images/thumbnails/300/300/detailed/300/operativnaja-pamjat-zeppelin-ram-supra-gamer-16g-pc-3200-ddr4-2-1.jpg
Карта памяти Toshiba microSDHC 16Gb THN-M102K0160M2 + адаптер,806,https://svetofor.info/images/thumbnails/300/300/detailed/300/karta-pamjati-toshiba-microsdhc-16gb-thn-m102k0160m2-adapter-2-1.jpg
Карта памяти Toshiba microSDHC 8Gb THN-M102K0080M2 + адаптер,720,https://svetofor.info/images/thumbnails/300/300/detailed/300/karta-pamjati-toshiba-microsdhc-8gb-thn-m102k0080m2-adapter-2-1.jpg
Наушники Toshiba RZE-D200H Wired white,1135,https://svetofor.info/images/thumbnails/300/300/detailed/300/naushniki-toshiba-rze-d200h-wired-white-2-1.jpg
Наушники Toshiba RZE-D250H Wired green,1135,https://svetofor.info/images/thumbnails/300/300/detailed/300/naushniki-toshiba-rze-d250h-wired-green-2-1.jpg
Наушники Toshiba RZE-BT180H black,2501,https://svetofor.info/images/thumbnails/300/300/detailed/300/naushniki-toshiba-rze-bt180h-black-2-1.jpg
Наушники Toshiba RZE-BT180H blue,2501,https://svetofor.info/images/thumbnails/300/300/detailed/300/naushniki-toshiba-rze-bt180h-blue-2-1.jpg
Наушники Toshiba RZE-BT180H orange,2501,https://svetofor.info/images/thumbnails/300/300/detailed/300/naushniki-toshiba-rze-bt180h-orange-2-1.jpg
Наушники Toshiba RZE-D32E (K) black,653,https://svetofor.info/images/thumbnails/300/300/detailed/300/naushniki-toshiba-rze-g902h-k-black-2-1.jpg
Карта памяти Toshiba USB flash накопитель 128Gb Towadako THN-U364W1280E4,2375,https://svetofor.info/images/thumbnails/300/300/detailed/300/karta-pamjati-toshiba-usb-flash-nakopitel-128gb-towadako-thn-u364v1280e4-1.jpg
Карта памяти Toshiba USB flash накопитель 128Gb Yamabiko THN-U203W1280E4,2058,https://svetofor.info/images/thumbnails/300/300/detailed/300/karta-pamjati-toshiba-usb-flash-nakopitel-128gb-yamabiko-thn-u203v1280e4-1.jpg
Карта памяти Toshiba USB flash накопитель 256Gb Yamabiko THN-U365K2560E4,4122,https://svetofor.info/images/thumbnails/300/300/detailed/300/karta-pamjati-toshiba-usb-flash-nakopitel-256gb-yamabiko-thn-u365k2560e4-2-1.jpg
Наушники Toshiba RZE-BT200H white,2697,https://svetofor.info/images/thumbnails/300/300/detailed/300/naushniki-toshiba-rze-bt200h-white-2-1.jpg
Наушники SENNHEISER SENNHEISER HEADSET PC330,,https://svetofor.info/images/thumbnails/300/300/detailed/300/naushniki-sennheiser-sennheiser-hea-dset-pc330-1.jpg
Наушники SENNHEISER SENNHEISER Momentum IN-EAR M2 IEG,,https://svetofor.info/images/thumbnails/300/300/detailed/300/naushniki-sennheiser-sennheiser-momentum-in-ea-r-m2-ieg-1.jpg
Наушники SENNHEISER Sennheiser PMX 90,,https://svetofor.info/images/thumbnails/300/300/detailed/300/naushniki-sennheiser-sennhajzer-pmx-90-1.jpg
Видеокарта RTX 3060 (GV-N3060EAGLE)12 ГБ,,https://svetofor.info/images/thumbnails/300/300/detailed/300/videokarta-gigabyte-gv-n3060ea-gle-12-gb-1.jpg
Видеокарта Palit GTX1650 STORMX 4 ГБ,,https://svetofor.info/images/thumbnails/300/300/detailed/300/videokarta-palit-dzhejtix1650-stormx-4-gb-1.jpg
Видеокарта Palit RTX 3060Ti,,https://svetofor.info/images/thumbnails/300/300/detailed/300/videokarta-palit-rtx-3060ti-2-1.jpg
Видеокарта Palit RTX 3070,,https://svetofor.info/images/thumbnails/300/300/detailed/300/videokarta-palit-rtx-3070-2-1.jpg
Видеокарта Palit RTX3060 12 ГБ,,https://svetofor.info/images/thumbnails/300/300/detailed/300/videokarta-palit-rtx3060-12-gb-2-1.jpg
Видеокарта PNY GeForceRTX 3060 12 ГБ,,https://svetofor.info/images/thumbnails/300/300/detailed/300/videokarta-pny-geforcertx-3060-12-gb-2-1.jpg
Web-Камера Logitech C100 640x480,,https://svetofor.info/images/thumbnails/300/300/detailed/300/web-kamera-logitek-c100-640x480-1.jpg
Web-Камера Logitech C270 1280x720,,https://svetofor.info/images/thumbnails/300/300/detailed/300/web-kamera-logitek-c270-1280x720-1.jpg
Web-Камера Logitech C505e 1280x720,,https://svetofor.info/images/thumbnails/300/300/detailed/300/web-kamera-logitek-c505e-1280x720-1.jpg
Web-Камера Logitech C920e 1920x1080,,https://svetofor.info/images/thumbnails/300/300/detailed/300/web-kamera-logitek-c920e-1920x1080-1.jpg
Web-Камера RAZER KIYO PRO 1920x1080,,https://svetofor.info/images/thumbnails/300/300/detailed/300/web-kamera-razer-kiyo-pro-1920x1080-2-1.jpg
Web-Камера RAZER KIYO X 1920x1080,,https://svetofor.info/images/thumbnails/300/300/detailed/300/web-kamera-razer-kiyo-x-1920x1080-2-1.jpg
Web-Камера A4Tech PK-950h 1920х1080,,https://svetofor.info/images/thumbnails/300/300/detailed/300/web-kamera-a4tek-pk-950h-1920h1080-1.jpg
Наушники SENNHEISER SENNHEISER CX2.00i black,,https://svetofor.info/images/thumbnails/300/300/detailed/300/naushniki-sennheiser-sennheiser-cx200i-black-2-1.jpg
Наушники SENNHEISER SENNHEISER CX685,,https://svetofor.info/images/thumbnails/300/300/detailed/300/naushniki-sennheiser-sennheiser-cx685-2-1.jpg
Наушники SENNHEISER SENNHEISER HD201,,https://svetofor.info/images/thumbnails/300/300/detailed/300/naushniki-sennheiser-sennheiser-hd201-2-1.jpg
Наушники SENNHEISER SENNHEISER HD206,,https://svetofor.info/images/thumbnails/300/300/detailed/300/naushniki-sennheiser-sennheiser-hd206-2-1.jpg
Наушники SENNHEISER SENNHEISER HD229 white,,https://svetofor.info/images/thumbnails/300/300/detailed/300/naushniki-sennheiser-sennheiser-hd229-white-2-1.jpg
Наушники SENNHEISER SENNHEISER HD400S,5820,https://svetofor.info/images/thumbnails/300/300/detailed/300/naushniki-sennheiser-sennheiser-hd400s-2-1.jpg
Клавиатура Apple Magic Keyboard 11,27145,https://svetofor.info/images/thumbnails/300/300/detailed/298/klaviatura-apple-magic-keyboard-11-1.jpg
"Ноутбук Apple MacBook Air MacBook Air 13,3 ' M2 8 Gb 256 Gb SSD Apple graphics 8-core черный",113973,https://svetofor.info/images/thumbnails/300/300/detailed/298/noutbuk-apple-macbook-air-macbook-air-133-m2-8-gb-256-gb-ssd-apple-graphics-8-core-chernyj-1.jpg
Проводная мышь Glorious Glossy белый,,https://svetofor.info/images/thumbnails/300/300/detailed/301/provodnaja-mysh-glorius-glossy-belyj-1.jpg
Беспроводная мышь LOGITECH MX Master 3,,https://svetofor.info/images/thumbnails/300/300/detailed/301/besprovodnaja-mysh-logitech-mx-master-3-2-1.jpg
Беспроводная мышь LOGITECH Viper Ultimate & Mouse Dock,,https://svetofor.info/images/thumbnails/300/300/detailed/301/besprovodnaja-mysh-logitech-viper-ultimate---mouse-dock-2-1.jpg
Проводная мышь Sharkoon SharkForce,,https://svetofor.info/images/thumbnails/300/300/detailed/301/provodnaja-mysh-sharkoon-sharkforce-2-1.jpg
Проводная мышь Glorious Matte D белая,,https://svetofor.info/images/thumbnails/300/300/detailed/301/provodnaja-mysh-glorius-matte-d-belaja-1.jpg
Проводная мышь RAZER Basilisk CHROMA,,https://svetofor.info/images/thumbnails/300/300/detailed/301/provodnaja-mysh-razer-basilisk-chroma-2-1.jpg
Клавиатура LOGITECH G915 GL Tactile,,https://svetofor.info/images/thumbnails/300/300/detailed/301/klaviatura-logitech-g915-gl-tactile-2-1.jpg
Проводная держатель Glorious Bungee,,https://svetofor.info/images/thumbnails/300/300/detailed/301/provodnaja-derzhatel-glorius-bungee-1.jpg
Проводная мышь RAZER Naga Pro,,https://svetofor.info/images/thumbnails/300/300/detailed/301/provodnaja-mysh-razer-naga-pro-2-1.jpg
Проводная мышь RAZER DEATHADDER V2 Mini,,https://svetofor.info/images/thumbnails/300/300/detailed/301/provodnaja-mysh-razer-dea-thadder-v2-mini-1.jpg
Клавиатура Onikuma G26+CW905,,https://svetofor.info/images/thumbnails/300/300/detailed/301/klaviatura-onikuma-g26cw905-2-1.jpg
Проводная мышь Glorious Regular О черная,,https://svetofor.info/images/thumbnails/300/300/detailed/301/provodnaja-mysh-glorius-regular-o-chernaja-1.jpg
Проводная мышь RAZER TAIPAN BF4 EDITION MOUSE,,https://svetofor.info/images/thumbnails/300/300/detailed/301/provodnaja-mysh-razer-taipan-bf4-edition-mouse-2-1.jpg
Проводная мышь RAZER DEATHADDER CHROMA Elite MOUSE,,https://svetofor.info/images/thumbnails/300/300/detailed/301/provodnaja-mysh-razer-dea-thadder-chroma-elite-mouse-1.jpg
Клавиатура Tesoro Lobera,,https://svetofor.info/images/thumbnails/300/300/detailed/301/klaviatura-tesoro-lobera-2-1.jpg
Проводная мышь LOGITECH G203,,https://svetofor.info/images/thumbnails/300/300/detailed/301/provodnaja-mysh-logitech-g203-2-1.jpg
Проводная мышь LOGITECH LightSync черная,,https://svetofor.info/images/thumbnails/300/300/detailed/301/provodnaja-mysh-logitech-lightsync-chernaja-2-1.jpg
Проводная мышь RAZER MAMBA CHROMA TOURNAMENT,,https://svetofor.info/images/thumbnails/300/300/detailed/301/provodnaja-mysh-razer-mamba-chroma-tournament-2-1.jpg
Клавиатура LOGITECH G915 GL Clicky,,https://svetofor.info/images/thumbnails/300/300/detailed/301/klaviatura-logitech-g915-gl-clicky-2-1.jpg
Проводная мышь Glorious Regular Ом белая,,https://svetofor.info/images/thumbnails/300/300/detailed/301/provodnaja-mysh-glorius-regular-om-belaja-1.jpg
Проводная мышь Roccat Kone Aimo черная,,https://svetofor.info/images/thumbnails/300/300/detailed/301/provodnaja-mysh-roccat-kone-aimo-chernaja-2-1.jpg
Проводная мышь Sharkoon SharkForcePRO красная,,https://svetofor.info/images/thumbnails/300/300/detailed/301/provodnaja-mysh-sharkoon-sharkforcipro-krasnaja-1.jpg
Проводная мышь LOGITECH G402,,https://svetofor.info/images/thumbnails/300/300/detailed/301/provodnaja-mysh-logitech-g402-2-1.jpg
Проводная мышь Roccat Burst Pro черная,,https://svetofor.info/images/thumbnails/300/300/detailed/301/provodnaja-mysh-roccat-burst-pro-chernaja-2-1.jpg
Проводная мышь Glorious Glossy О,,https://svetofor.info/images/thumbnails/300/300/detailed/301/provodnaja-mysh-glorius-glossy-o-1.jpg
Проводная мышь LOGITECH MOUSE-LOL,,https://svetofor.info/images/thumbnails/300/300/detailed/301/provodnaja-mysh-logitech-mouse-lol-2-1.jpg
Проводная мышь RAZER ABYSSUS Lite,,https://svetofor.info/images/thumbnails/300/300/detailed/301/provodnaja-mysh-razer-abyssus-lite-2-1.jpg
Проводная мышь Roccat Burst Core,,https://svetofor.info/images/thumbnails/300/300/detailed/301/provodnaja-mysh-roccat-burst-core-2-1.jpg
Клавиатура Tesoro Durandal Ultimate,,https://svetofor.info/images/thumbnails/300/300/detailed/301/klaviatura-tesoro-durandal-ultimate-2-1.jpg
Проводная мышь RAZER MOUSE BUNGEE V3 Chroma,,https://svetofor.info/images/thumbnails/300/300/detailed/301/provodnaja-mysh-razer-mouse-bungee-v3-chroma-2-1.jpg
Проводная мышь LOGITECH G302,,https://svetofor.info/images/thumbnails/300/300/detailed/301/provodnaja-mysh-logitech-g302-2-1.jpg
Проводная мышь Glorious Mouse Glossy черная,,https://svetofor.info/images/thumbnails/300/300/detailed/301/provodnaja-mysh-glorius-mouse-glossy-chernaja-1.jpg
Клавиатура LOGITECH GL Tactile,,https://svetofor.info/images/thumbnails/300/300/detailed/301/klaviatura-logitech-gl-tactile-2-1.jpg
Проводная мышь RAZER DEATH ADDER Essential,,https://svetofor.info/images/thumbnails/300/300/detailed/301/provodnaja-mysh-razer-dea-th-adder-essential-1.jpg
